date,stage,code,name,rank,score
2026-07-26,0935final,002414,高德红外,1,3.0632
2026-07-26,0935final,688237,超卓航科,2,2.6607
2026-07-26,05pipeline,002156,通富微电,1,7.8463
2026-07-26,05pipeline,688146,中船特气,2,5.8772
2026-07-27,0935final,600206,有研新材,1,3.11
2026-07-27,0935final,300850,新强联,2,1.7047
2026-07-27,05pipeline,002558,巨人网络,1,9.6017
2026-07-27,05pipeline,001309,德明利,2,3.462
2026-07-30,0935final,603986,兆易创新,1,1.6689
2026-07-30,0935final,688766,普冉股份,2,1.3412
2026-07-30,05pipeline,688523,航天环宇,1,0.5831
2026-07-30,05pipeline,688192,迪哲医药,2,0.5094
2026-08-03,0935final,600536,中国软件,1,3.339
2026-08-03,0935final,603983,丸美生物,2,2.8399
2026-08-03,05pipeline,600536,中国软件,1,3.4226
2026-08-03,05pipeline,000155,川能动力,2,2.7969
2026-08-05,0935final,603893,瑞芯微,1,2.7727
2026-08-05,0935final,600671,天目药业,2,2.0701
2026-08-05,05pipeline,002396,星网锐捷,1,2.2025
2026-08-05,05pipeline,603893,瑞芯微,2,2.7407
2026-08-06,0935final,300139,晓程科技,1,5.0294
2026-08-06,0935final,002827,高争民爆,2,2.3926
2026-08-06,05pipeline,002396,星网锐捷,1,2.2025
2026-08-06,05pipeline,603893,瑞芯微,2,2.7407
2026-08-07,0935final,601678,滨化股份,1,0.9886
2026-08-07,0935final,301234,五洲医疗,2,0.5014
2026-08-07,05pipeline,301165,锐捷网络,1,2.95
2026-08-07,05pipeline,603459,红板科技,2,2.0631
2026-08-10,0935final,688222,成都先导,1,3.1415
2026-08-10,0935final,605179,一鸣食品,2,0.3966
2026-08-10,05pipeline,688222,成都先导,1,3.1415
2026-08-10,05pipeline,688235,百济神州,2,2.5218
2026-08-11,0935final,603162,海通发展,1,1.1516
2026-08-11,0935final,603137,恒尚节能,2,0.2478
2026-08-11,05pipeline,603259,药明康德,1,2.763
2026-08-11,05pipeline,688166,博瑞医药,2,0.608
2026-08-12,0935final,002437,誉衡药业,1,2.9943
2026-08-12,05pipeline,002437,誉衡药业,1,2.9943
2026-08-12,05pipeline,000661,长春高新,2,2.9028
2026-08-13,0935final,002580,圣阳股份,1,3.0234
2026-08-13,0935final,002687,乔治白,2,1.2569
2026-08-13,05pipeline,002396,星网锐捷,1,2.155
2026-08-13,05pipeline,688620,安凯微,2,2.9264
2026-08-14,0935final,002582,好想你,1,3.2941
2026-08-14,0935final,000938,紫光股份,2,1.2111
2026-08-14,05pipeline,688180,君实生物,1,3.4258
2026-08-14,05pipeline,300562,乐心医疗,2,3.7399
2026-08-17,0935final,002716,湖南白银,1,0.9438
2026-08-17,05pipeline,002716,湖南白银,1,0.9438
2026-08-17,05pipeline,002141,贤丰控股,2,1.6958
2026-08-18,0935final,002396,星网锐捷,1,1.5556
2026-08-18,0935final,300591,万里马,2,0.8179
2026-08-18,05pipeline,300832,新产业,1,2.6448
2026-08-18,05pipeline,002141,贤丰控股,2,1.7036
2026-08-19,0935final,002437,誉衡药业,1,1.9385
2026-08-19,0935final,000526,学大教育,2,0.9162
2026-08-19,05pipeline,002552,宝鼎科技,1,1.7885
2026-08-19,05pipeline,002437,誉衡药业,2,1.9385
2026-08-20,0935final,601398,工商银行,1,1.1775
2026-08-20,0935final,000651,格力电器,2,1.0025
2026-08-20,05pipeline,000651,格力电器,1,1.0025
2026-08-20,05pipeline,601398,工商银行,2,1.1775
2026-08-21,0935final,300139,晓程科技,1,2.2712
2026-08-21,05pipeline,600711,盛屯矿业,1,3.3299
2026-08-21,05pipeline,600362,江西铜业,2,2.0573
2026-08-25,0935final,002040,南京港,1,1.1042
2026-08-25,05pipeline,002437,誉衡药业,1,3.0861
2026-08-25,05pipeline,002747,埃斯顿,2,1.9275
2026-08-26,0935final,000505,京粮控股,1,0.6108
2026-08-26,05pipeline,002716,湖南白银,1,1.5767
2026-08-26,05pipeline,002475,立讯精密,2,1.1611
2026-08-27,0935final,002716,湖南白银,1,4.3412
2026-08-27,0935final,002437,誉衡药业,2,2.7312
2026-08-27,05pipeline,002716,湖南白银,1,4.3412
2026-08-27,05pipeline,002980,华盛昌,2,1.8897
2026-08-28,0935final,002428,云南锗业,1,3.7954
2026-08-28,0935final,002396,星网锐捷,2,2.5773
2026-08-28,05pipeline,002428,云南锗业,1,3.7954
2026-08-28,05pipeline,002396,星网锐捷,2,2.5773
2026-08-31,0935final,001277,速达股份,1,1.1926
2026-08-31,0935final,002328,新朋股份,2,0.912
2026-08-31,05pipeline,000712,锦龙股份,1,2.9272
2026-08-31,05pipeline,300475,香农芯创,2,2.5161
2026-09-01,0935final,002041,登海种业,1,1.0365
2026-09-01,0935final,002365,永安药业,2,0.5776
2026-09-01,05pipeline,002041,登海种业,1,1.0365
2026-09-01,05pipeline,000737,北方铜业,2,0.9187
2026-09-02,0935final,002437,誉衡药业,1,1.5034
2026-09-02,0935final,002291,遥望科技,2,1.1932
2026-09-02,05pipeline,002015,协鑫能科,1,2.5827
2026-09-02,05pipeline,000977,浪潮信息,2,2.0056
2026-09-03,0935final,300413,芒果超媒,1,7.4774
2026-09-03,0935final,300319,麦捷科技,2,2.8166
2026-09-03,05pipeline,300413,芒果超媒,1,7.4774
2026-09-03,05pipeline,300408,三环集团,2,3.0666
2026-09-04,0935final,002081,金螳螂,1,1.4272
2026-09-04,0935final,002721,金一文化,2,1.2818
2026-09-04,05pipeline,002636,金安国纪,1,3.1207
2026-09-04,05pipeline,002364,中恒电气,2,1.5454
2026-09-07,0935final,300315,掌趣科技,1,2.9145
2026-09-07,0935final,002515,金字火腿,2,1.3269
2026-09-07,05pipeline,002384,东山精密,1,3.5263
2026-09-07,05pipeline,300223,君正股份,2,3.2119
2026-09-08,0935final,002436,兴森科技,1,7.3315
2026-09-08,0935final,000833,粤桂股份,2,1.7305
2026-09-08,05pipeline,002436,兴森科技,1,7.3315
2026-09-08,05pipeline,000833,粤桂股份,2,1.7305
